"","MAR (g/(cm^2 yr)","uncertainty"
"Model 1",0.128915038254453,0.00608772007025638
"Model 2",0.0349352156620273,0.00268113910907682
