"","SAR (cm/yr)","uncertainty"
"Model 1",0.449692978770654,0.0203749452553161
"Model 2",0.11194011657057,0.00802152028121804
