"","MAR (g/(cm^2 yr)","uncertainty"
"Model 1",0.137143630221056,0.00656785166005143
"Model 2",0.0497958549662635,0.00322912229391866
