"","SAR (cm/yr)","uncertainty"
"Model 1",0.478297163090763,0.0219142376328937
"Model 2",0.159729367069553,0.00987944716339782
