"","MAR (g/(cm^2 yr)","uncertainty"
"Model 1",0.131531003557271,0.00589153748694047
"Model 2",0.0497958549662636,0.00322912229391866
