"","SAR (cm/yr)","uncertainty"
"Model 1",0.462927431831636,0.0198234721711812
"Model 2",0.159729367069553,0.00987944716339782
