"","MAR (g/(cm^2 yr)","uncertainty"
"Model 1",0.123533426354148,0.00545031608466569
"Model 2",0.0349352156620273,0.00268113910907683
