"","SAR (cm/yr)","uncertainty"
"Model 1",0.434890004655575,0.0184233530693615
"Model 2",0.11194011657057,0.00802152028121804
